event_id,event_date,measure,pre_mean,post_mean,delta,pre_sd,post_sd,n_pre,n_post,welch_t,dropped
btc_etf_approval,2024-01-10,C_pairwise,0.5941768589609501,0.6895396964417129,0.0953628374807628,0.059665958665861975,0.03846041539883956,30,31,7.393050084634114,venue=binance
btc_etf_approval,2024-01-10,C_pca,0.611958046235239,0.6992225854600563,0.08726453922481736,0.053412470930587326,0.03613305508000877,30,31,7.449738553988019,venue=binance
btc_etf_launch,2024-01-11,C_pairwise,0.5962682874323977,0.6883353691038286,0.09206708167143096,0.06088655787475673,0.039952419505473,30,31,6.958372382545467,venue=binance
btc_etf_launch,2024-01-11,C_pca,0.6141317217043957,0.6982033219994773,0.08407160029508165,0.054608877638279596,0.03728430254327577,30,31,6.999968911997423,venue=binance
eth_rule_approval,2024-05-23,C_pairwise,0.7678124225974984,0.7217421772755825,-0.04607024532191584,0.03582264957640086,0.02387678214234475,30,31,-5.890692600141207,venue=binance
eth_rule_approval,2024-05-23,C_pca,0.7749888195063298,0.7315271624472304,-0.043461657059099434,0.034371364779696274,0.024717014233812097,30,31,-5.6540521849330965,venue=binance
eth_etf_launch,2024-07-23,C_pairwise,0.7259477918041007,0.7576460942889519,0.03169830248485117,0.04302360941399592,0.018560763576552668,30,31,3.714741230117496,venue=binance
eth_etf_launch,2024-07-23,C_pca,0.7326733904697643,0.7729069985824409,0.04023360811267662,0.042177721682284654,0.021403541652235503,30,31,4.674647321807416,venue=binance
mica_stablecoin,2024-06-30,C_pairwise,0.711671046547852,0.7437267120215371,0.0320556654736851,0.03318130110596875,0.028625680981992523,30,31,4.034372495087795,venue=binance
mica_stablecoin,2024-06-30,C_pca,0.7216105736928164,0.7513206995327617,0.029710125839945256,0.03451030345580699,0.02806708427070692,30,31,3.681963372609258,venue=binance
mica_full,2024-12-30,C_pairwise,0.5538363363220644,0.7660990841066774,0.21226274778461296,0.09670077478073158,0.03808209054200195,30,31,11.210867760179987,venue=binance
mica_full,2024-12-30,C_pca,0.5664004542474861,0.7750004329753639,0.20859997872787783,0.09315373869528053,0.03471703469212154,30,31,11.515659764257592,venue=binance
btc_etf_approval,2024-01-10,C_pairwise,0.5958017194570878,0.6919884120114675,0.09618669255437973,0.05969243690415829,0.03868087508155246,30,31,7.442308788581719,venue=coinbase
btc_etf_approval,2024-01-10,C_pca,0.6135245391530405,0.7015700625816893,0.0880455234286488,0.053494114079232435,0.03628063007902508,30,31,7.499060491526472,venue=coinbase
btc_etf_launch,2024-01-11,C_pairwise,0.5979465604758908,0.6907832344797784,0.09283667400388762,0.06092391423840673,0.04018253004431668,30,31,7.001625140586698,venue=coinbase
btc_etf_launch,2024-01-11,C_pca,0.6157567936392223,0.7005369756262347,0.08478018198701243,0.0546983396656626,0.03745995082644988,30,31,7.040699741057547,venue=coinbase
eth_rule_approval,2024-05-23,C_pairwise,0.7682044655136228,0.7221612257424505,-0.046043239771172306,0.03614429229731149,0.024449419079189467,30,31,-5.808744018972456,venue=coinbase
eth_rule_approval,2024-05-23,C_pca,0.7753151637883223,0.7318475401808061,-0.043467623607516215,0.034754500669022324,0.025323770222732078,30,31,-5.567768984107482,venue=coinbase
eth_etf_launch,2024-07-23,C_pairwise,0.7240658361796072,0.7503263270745103,0.02626049089490312,0.04308518176931522,0.017570983020928865,30,31,3.0983355115455846,venue=coinbase
eth_etf_launch,2024-07-23,C_pca,0.7308297359560445,0.7667278938411969,0.03589815788515238,0.04225072864889029,0.020609983056178432,30,31,4.195633287889962,venue=coinbase
mica_stablecoin,2024-06-30,C_pairwise,0.7116956087305168,0.7408032433083569,0.029107634577840047,0.03421294753560471,0.02887340028450265,30,31,3.5853417821573856,venue=coinbase
mica_stablecoin,2024-06-30,C_pca,0.7215431635029839,0.7485998766551257,0.027056713152141865,0.035557897530028915,0.02817325406822759,30,31,3.2871629733971233,venue=coinbase
mica_full,2024-12-30,C_pairwise,0.5506100754100561,0.7635833481834611,0.21297327277340494,0.09690740676849667,0.03801967662182684,30,31,11.229922852281156,venue=coinbase
mica_full,2024-12-30,C_pca,0.5632384795134584,0.772459896527507,0.20922141701404862,0.093361626859534,0.03473290354209388,30,31,11.52666404430345,venue=coinbase
btc_etf_approval,2024-01-10,C_pairwise,0.5942676659391476,0.6895469664021859,0.09527930046303834,0.05968020631162425,0.03846146566813165,30,31,7.385258190436842,venue=kraken
btc_etf_approval,2024-01-10,C_pca,0.6120281410558558,0.699228238559182,0.08720009750332625,0.05342865440879073,0.03613685335066277,30,31,7.442434186193983,venue=kraken
btc_etf_launch,2024-01-11,C_pairwise,0.5963571916471848,0.6883337530326952,0.09197656138551036,0.06089746837597389,0.039968443124383586,30,31,6.949831977609096,venue=kraken
btc_etf_launch,2024-01-11,C_pca,0.6142005744593122,0.6982014082447136,0.08400083378540135,0.054621793916133025,0.03729988648068549,30,31,6.992028536548448,venue=kraken
eth_rule_approval,2024-05-23,C_pairwise,0.7677631469711491,0.7216501702992941,-0.04611297667185499,0.03604254641457946,0.023822127341519256,30,31,-5.874935674230727,venue=kraken
eth_rule_approval,2024-05-23,C_pca,0.7749417402285462,0.7314414073368044,-0.04350033289174182,0.034581437490821154,0.024649729091045576,30,31,-5.641178231493062,venue=kraken
eth_etf_launch,2024-07-23,C_pairwise,0.7261864963116775,0.7576512485702062,0.03146475225852863,0.04279106294116029,0.018650242945843457,30,31,3.7015765221625325,venue=kraken
eth_etf_launch,2024-07-23,C_pca,0.7329093208091307,0.7729122332766786,0.040002912467547835,0.04194240363086586,0.021478209577801204,30,31,4.665402268037747,venue=kraken
mica_stablecoin,2024-06-30,C_pairwise,0.7117939705768187,0.7438073401886778,0.03201336961185908,0.032951758028388164,0.02846987213841277,30,31,4.054593543144496,venue=kraken
mica_stablecoin,2024-06-30,C_pca,0.7217362407550273,0.7514023991828482,0.029666158427820943,0.0342645805851577,0.027903030598964998,30,31,3.701024099535358,venue=kraken
mica_full,2024-12-30,C_pairwise,0.5538811404416696,0.765882999814416,0.2120018593727464,0.09681572003413919,0.03808810147512931,30,31,11.185297066673723,venue=kraken
mica_full,2024-12-30,C_pca,0.5664871099482094,0.7747930661532421,0.20830595620503267,0.0932374735770645,0.03471172256800122,30,31,11.490531165266411,venue=kraken
btc_etf_approval,2024-01-10,C_pairwise,0.5942220833395218,0.6895270638311369,0.09530498049161518,0.05964076472976338,0.038430352239483254,30,31,7.392448028845722,venue=bybit
btc_etf_approval,2024-01-10,C_pca,0.6119843111454596,0.6992068185440058,0.0872225073985462,0.05340412706948984,0.03610843328326121,30,31,7.448514418885567,venue=bybit
btc_etf_launch,2024-01-11,C_pairwise,0.5963185341631174,0.6883115168071287,0.09199298264401123,0.060863920650329736,0.03993890413877778,30,31,6.955289409049223,venue=bybit
btc_etf_launch,2024-01-11,C_pca,0.6141622612608454,0.6981775824811336,0.08401532122028821,0.054602523106950004,0.03727307564301706,30,31,6.996498961915494,venue=bybit
eth_rule_approval,2024-05-23,C_pairwise,0.767785445907069,0.7217053664040963,-0.04608007950297266,0.035837332120238076,0.02388234557565677,30,31,-5.889849151261976,venue=bybit
eth_rule_approval,2024-05-23,C_pca,0.7749652881567906,0.73149334836126,-0.043471939795530545,0.03438158295764355,0.024726490700414463,30,31,-5.653546787974245,venue=bybit
eth_etf_launch,2024-07-23,C_pairwise,0.7258206834165731,0.7576061478922027,0.03178546447562958,0.04302702836608321,0.018617952981874124,30,31,3.7229521821983513,venue=bybit
eth_etf_launch,2024-07-23,C_pca,0.7325480135539321,0.7728580687741777,0.040310055220245666,0.04218195594558149,0.021454243579591845,30,31,4.680939348335044,venue=bybit
mica_stablecoin,2024-06-30,C_pairwise,0.7116056831608992,0.7436046304908012,0.03199894732990194,0.03321377679091864,0.02862991334822165,30,31,4.024694894314617,venue=bybit
mica_stablecoin,2024-06-30,C_pca,0.7215488259111584,0.7511998739585354,0.02965104804737695,0.03454708947335,0.02807242981067118,30,31,3.6719821089647344,venue=bybit
mica_full,2024-12-30,C_pairwise,0.5538070970898592,0.7660381197350137,0.21223102264515448,0.0966553739176919,0.03805958072446969,30,31,11.21463535558891,venue=bybit
mica_full,2024-12-30,C_pca,0.5663743145401187,0.7749378231377883,0.2085635085976696,0.09311030365678433,0.03470064223803023,30,31,11.519025508321269,venue=bybit
btc_etf_approval,2024-01-10,C_pairwise,0.5942144987419098,0.6894247731483304,0.0952102744064206,0.05963408963158733,0.038425638396952545,30,31,7.38595141580511,venue=okx
btc_etf_approval,2024-01-10,C_pca,0.6119873702269188,0.699116443288567,0.08712907306164819,0.05339426787058686,0.036100750385732155,30,31,7.441973606397693,venue=okx
btc_etf_launch,2024-01-11,C_pairwise,0.5963081748577813,0.6882112956880023,0.09190312083022101,0.06085559947546571,0.039929406331553174,30,31,6.949652028881447,venue=okx
btc_etf_launch,2024-01-11,C_pca,0.6141628205869794,0.698089485561404,0.08392666497442469,0.05459120182858247,0.03726078331719213,30,31,6.990831500967936,venue=okx
eth_rule_approval,2024-05-23,C_pairwise,0.767781301396724,0.7217046108819193,-0.046076690514804675,0.03587071387246426,0.02389917964481825,30,31,-5.8843356189202725,venue=okx
eth_rule_approval,2024-05-23,C_pca,0.77496634204628,0.7314822556157617,-0.043484086430518265,0.03441428535577395,0.02473976924931067,30,31,-5.650532391249232,venue=okx
eth_etf_launch,2024-07-23,C_pairwise,0.725767330790874,0.7575386090296247,0.0317712782387507,0.04298310101725164,0.01862264578590934,30,31,3.7243652189476935,venue=okx
eth_etf_launch,2024-07-23,C_pca,0.7324984816441353,0.7727928048576004,0.040294323213465044,0.04213740862526617,0.021463002815252263,30,31,4.68268404133318,venue=okx
mica_stablecoin,2024-06-30,C_pairwise,0.7116234912618172,0.7435235661466529,0.031900074884835705,0.033221948428927436,0.02860564565565574,30,31,4.013107047563825,venue=okx
mica_stablecoin,2024-06-30,C_pca,0.7215570782316474,0.751122892297226,0.029565814065578566,0.03454791398800203,0.028044636895331033,30,31,3.662786749658927,venue=okx
mica_full,2024-12-30,C_pairwise,0.5538301264195982,0.7662328917813315,0.2124027653617333,0.09666101453357721,0.03794532649024348,30,31,11.227532384097536,venue=okx
mica_full,2024-12-30,C_pca,0.5663932827811748,0.7750641639040563,0.20867088112288146,0.09311511223300864,0.034647420299633296,30,31,11.526524159376072,venue=okx
btc_etf_approval,2024-01-10,C_pairwise,0.5954864712270904,0.6901801231000274,0.09469365187293699,0.05989677668427579,0.03847646209465188,30,31,7.320089676648072,venue=bitstamp
btc_etf_approval,2024-01-10,C_pca,0.6130468667097422,0.6997774989484745,0.08673063223873234,0.05376189536872618,0.03619522427681577,30,31,7.366849230284469,venue=bitstamp
btc_etf_launch,2024-01-11,C_pairwise,0.5975281612465019,0.6889820472055727,0.09145388595907078,0.061083824451786194,0.03996078898031619,30,31,6.895825451871378,venue=bitstamp
btc_etf_launch,2024-01-11,C_pca,0.6151684779383143,0.6987671559637911,0.08359867802547682,0.05492575745187035,0.03733628006237887,30,31,6.929863632653356,venue=bitstamp
eth_rule_approval,2024-05-23,C_pairwise,0.7680393954123512,0.7217873104181781,-0.046252084994173104,0.03604697755013825,0.02384326883271435,30,31,-5.89059576705783,venue=bitstamp
eth_rule_approval,2024-05-23,C_pca,0.7752242042254226,0.7315686797654078,-0.04365552446001475,0.03459427394262418,0.024671422274431906,30,31,-5.658254119476935,venue=bitstamp
eth_etf_launch,2024-07-23,C_pairwise,0.7271480043718548,0.7583700036492722,0.031221999277417423,0.043094644229012734,0.01855802976861803,30,31,3.653892293330464,venue=bitstamp
eth_etf_launch,2024-07-23,C_pca,0.7338791415319748,0.7737707170507,0.03989157551872524,0.04222367631233852,0.02139761281779112,30,31,4.631123377221439,venue=bitstamp
mica_stablecoin,2024-06-30,C_pairwise,0.7120641230906499,0.7448262953499282,0.032762172259278244,0.03285832059595659,0.02863137868213532,30,31,4.146356039846611,venue=bitstamp
mica_stablecoin,2024-06-30,C_pca,0.7220032466351847,0.7524510025392017,0.03044775590401705,0.03415261941919641,0.0280417695535661,30,31,3.798679438248829,venue=bitstamp
mica_full,2024-12-30,C_pairwise,0.5545890706177307,0.7661385886172197,0.21154951799948907,0.09703156123913258,0.03799193348094831,30,31,11.143475252090216,venue=bitstamp
mica_full,2024-12-30,C_pca,0.5672036127543334,0.7750643911773479,0.20786077842301454,0.09346195613882713,0.03458605513367643,30,31,11.44655391310608,venue=bitstamp
btc_etf_approval,2024-01-10,C_pairwise,0.5909686141817179,0.6951445480091448,0.10417593382742696,0.05943075625743356,0.03978078850116055,30,31,8.018693267988837,asset=BTC
btc_etf_approval,2024-01-10,C_pca,0.6083365537452878,0.7049433610362382,0.09660680729095039,0.05336310788375925,0.03751213318988904,30,31,8.155654472706356,asset=BTC
btc_etf_launch,2024-01-11,C_pairwise,0.5930539568392612,0.6936290120541125,0.10057505521485133,0.06056467810015344,0.04218991143368805,30,31,7.502920497035272,asset=BTC
btc_etf_launch,2024-01-11,C_pca,0.6104620258331425,0.7036032379464189,0.09314121211327642,0.05444772600871204,0.03956647584913708,30,31,7.622278285486615,asset=BTC
eth_rule_approval,2024-05-23,C_pairwise,0.7770741142617985,0.7121692967665503,-0.06490481749524823,0.04297740207906355,0.02274995180262183,30,31,-7.336615125496924,asset=BTC
eth_rule_approval,2024-05-23,C_pca,0.7838815142738434,0.7218753164961451,-0.062006197777698335,0.04129768799848581,0.023276658496303875,30,31,-7.192177570363305,asset=BTC
eth_etf_launch,2024-07-23,C_pairwise,0.7281450077746882,0.7499085512393115,0.02176354346462339,0.04130959530108858,0.01686653302043851,30,31,2.6776997329347587,asset=BTC
eth_etf_launch,2024-07-23,C_pca,0.735255474387315,0.7660969260679225,0.03084145168060748,0.04014957129148918,0.019501071188369315,30,31,3.7963084072254754,asset=BTC
mica_stablecoin,2024-06-30,C_pairwise,0.7046977276260024,0.7437147996213941,0.03901707199539173,0.028207381153172242,0.027318908533841234,30,31,5.48520827956536,asset=BTC
mica_stablecoin,2024-06-30,C_pca,0.7147339174545903,0.7516664178039468,0.03693250034935658,0.02906603938426381,0.026245291202924282,30,31,5.203257315523964,asset=BTC
mica_full,2024-12-30,C_pairwise,0.5579625046102942,0.7752874181434757,0.2173249135331815,0.10059852332819492,0.04225387548357194,30,31,10.93579076278748,asset=BTC
mica_full,2024-12-30,C_pca,0.5719478576737986,0.7846822952280427,0.21273443755424404,0.0957154998790319,0.03793181676436035,30,31,11.342078239792208,asset=BTC
btc_etf_approval,2024-01-10,C_pairwise,0.5915266275298093,0.6869669584269215,0.09544033089711212,0.05947878622381121,0.039843164236149836,30,31,7.338673316554697,asset=ETH
btc_etf_approval,2024-01-10,C_pca,0.608402442535557,0.6966335641821132,0.08823112164655622,0.05350918685337697,0.03761036714246326,30,31,7.428519837168207,asset=ETH
btc_etf_launch,2024-01-11,C_pairwise,0.5933200260398996,0.6857244232431015,0.09240439720320182,0.060596543046612876,0.04142647023603671,30,31,6.9307194098006,asset=ETH
btc_etf_launch,2024-01-11,C_pca,0.610223718971785,0.695657677390077,0.08543395841829204,0.05459735776711857,0.03875708628412307,30,31,7.026959588061375,asset=ETH
eth_rule_approval,2024-05-23,C_pairwise,0.7688695908439662,0.7262186047608679,-0.04265098608309836,0.03642754744200739,0.02339755880973571,30,31,-5.421415626933992,asset=ETH
eth_rule_approval,2024-05-23,C_pca,0.7761015661947369,0.7357964322935527,-0.040305133901184176,0.03513838203069483,0.024255034382845344,30,31,-5.197548161051681,asset=ETH
eth_etf_launch,2024-07-23,C_pairwise,0.7216375260360048,0.7529255250101011,0.03128799897409629,0.04016912454895749,0.018085079892071775,30,31,3.900775732730449,asset=ETH
eth_etf_launch,2024-07-23,C_pca,0.7286547201775022,0.7687045823579041,0.04004986218040185,0.0389827743323813,0.021004442482580096,30,31,4.971895751450881,asset=ETH
mica_stablecoin,2024-06-30,C_pairwise,0.7166677331147928,0.7379788538306947,0.02131112071590191,0.03366282369573135,0.02814305076771435,30,31,2.678108128679291,asset=ETH
mica_stablecoin,2024-06-30,C_pca,0.7266406586931444,0.7457470337746617,0.019106375081517246,0.03461999229106904,0.02742045819622871,30,31,2.384467951069245,asset=ETH
mica_full,2024-12-30,C_pairwise,0.5551204441147332,0.7588400647182972,0.20371962060356408,0.09714161810048494,0.03672715808375653,30,31,10.765981434790014,asset=ETH
mica_full,2024-12-30,C_pca,0.5677110194570807,0.7675899345623883,0.19987891510530764,0.09359868599381896,0.03343607094504773,30,31,11.034997100185818,asset=ETH
btc_etf_approval,2024-01-10,C_pairwise,0.6083668564175114,0.7086509901842087,0.10028413376669731,0.05405879219974046,0.033286479501045484,30,31,8.690727740181023,asset=SOL
btc_etf_approval,2024-01-10,C_pca,0.627023881163426,0.717409468015787,0.09038558685236098,0.04750532119605884,0.0313021222474837,30,31,8.74475694751691,asset=SOL
btc_etf_launch,2024-01-11,C_pairwise,0.6110852906295208,0.7065748027075779,0.09548951207805711,0.05567694636694575,0.03681918703028695,30,31,7.874195980429149,asset=SOL
btc_etf_launch,2024-01-11,C_pca,0.6298711203414467,0.715481148392956,0.0856100280515093,0.049075012590644694,0.03430543853510254,30,31,7.87297660813054,asset=SOL
eth_rule_approval,2024-05-23,C_pairwise,0.7660415274284595,0.7220677469881598,-0.04397378044029976,0.038909101924700824,0.02296854065777686,30,31,-5.353039553246442,asset=SOL
eth_rule_approval,2024-05-23,C_pca,0.7731905353101602,0.732466532492145,-0.04072400281801525,0.03741466259845618,0.024001179838660125,30,31,-5.041722446797629,asset=SOL
eth_etf_launch,2024-07-23,C_pairwise,0.7250145284950326,0.7560572399371602,0.03104271144212767,0.0461126499475281,0.020789980926207853,30,31,3.370587771241731,asset=SOL
eth_etf_launch,2024-07-23,C_pca,0.731803293113795,0.772666604276016,0.04086331116222097,0.04540848554225288,0.024535967056452283,30,31,4.352315694771399,asset=SOL
mica_stablecoin,2024-06-30,C_pairwise,0.7106523462298664,0.7430081562370733,0.03235581000720689,0.03431182448693682,0.03060399503415836,30,31,3.882362310718319,asset=SOL
mica_stablecoin,2024-06-30,C_pca,0.7210660517987008,0.7507528189110056,0.02968676711230489,0.036029747705323134,0.030014618516282916,30,31,3.490580998346511,asset=SOL
mica_full,2024-12-30,C_pairwise,0.5731879032853975,0.7899488364890783,0.21676093320368084,0.09195394764166702,0.026551363386781393,30,31,12.420003325345245,asset=SOL
mica_full,2024-12-30,C_pca,0.5839607939691139,0.795541445108766,0.21158065113965208,0.0892335333556876,0.025515596692526617,30,31,12.501800632011259,asset=SOL
btc_etf_approval,2024-01-10,C_pairwise,0.5901261783226672,0.6922083097002938,0.10208213137762656,0.06849378170535934,0.04709670115306021,30,31,6.761569702098918,asset=DOGE
btc_etf_approval,2024-01-10,C_pca,0.6072423168177321,0.7012949408192909,0.09405262400155878,0.06228371666867326,0.04494973075717717,30,31,6.744152458997706,asset=DOGE
btc_etf_launch,2024-01-11,C_pairwise,0.5909920733490182,0.6918981071823765,0.10090603383335839,0.06906539350647724,0.047431884758719116,30,31,6.630887445652292,asset=DOGE
btc_etf_launch,2024-01-11,C_pca,0.6082135529019559,0.7012048687546449,0.09299131585268905,0.06289451860710496,0.0450372331233182,30,31,6.62051814816912,asset=DOGE
eth_rule_approval,2024-05-23,C_pairwise,0.7767664051130787,0.7214637411564231,-0.05530266395665562,0.035466655427064966,0.023459809226942786,30,31,-7.158473252619009,asset=DOGE
eth_rule_approval,2024-05-23,C_pca,0.7837624069579657,0.7313141905833199,-0.052448216374645806,0.03438588629954412,0.02444570177410818,30,31,-6.846177165009312,asset=DOGE
eth_etf_launch,2024-07-23,C_pairwise,0.7131224398961958,0.7489942942864448,0.03587185439024898,0.04307148201250649,0.020398723129249022,30,31,4.134929428058802,asset=DOGE
eth_etf_launch,2024-07-23,C_pca,0.7193844102163014,0.7656069040321214,0.04622249381582,0.04237296452844162,0.023896669186603874,30,31,5.224634305923467,asset=DOGE
mica_stablecoin,2024-06-30,C_pairwise,0.7076537201325179,0.7308581600536103,0.023204439921092335,0.03630151043627064,0.029337997231934428,30,31,2.7405421454144965,asset=DOGE
mica_stablecoin,2024-06-30,C_pca,0.717627879885092,0.7382933591104552,0.020665479225363215,0.03810695325609036,0.029007880847526653,30,31,2.377566783838246,asset=DOGE
mica_full,2024-12-30,C_pairwise,0.5607821060161798,0.7622490712844668,0.201466965268287,0.08993790502677515,0.03936346492747466,30,31,11.269199831791278,asset=DOGE
mica_full,2024-12-30,C_pca,0.5733115914746825,0.7712499991350233,0.19793840766034088,0.08652608393757863,0.035749784151727346,30,31,11.607621873830762,asset=DOGE
